연번,사무구분,부서,민원사무명,처리기간
1,민원,세무1과,신탁재산의 재산세 납세의무자 신고서,즉시
2,세무,세무1과,재산세 세율 특례 적용 시 주택 수 산정 제외 (변경)신청서,즉시
3,세무,세무1과,미납지방세 등 열람 신청서,즉시
4,세무,세무1과,주택 재산세 납부유예 신청서,즉시
5,세무,세무1과,지방세 환급금 양도요구서,즉시
6,세무,세무1과,건축물 시가표준액 의견청취,5월말
7,세무,세무1과,지방세 제증명 발급 신청서,즉시
8,세무,세무1과,지방세 세목별과세증명서,즉시
9,세무,세무1과,상속인 대표자 신고,즉시
10,세무,세무1과,지방세 납세증명서,즉시
11,세무,세무1과,"지방세 자동이체[신규,해지] 신청",즉시
12,세무,세무1과,지방세 징수유예등의 신청,10일
13,세무,세무1과,지방세 기한연장(승인)신청,3일
14,세무,세무1과,재산세 변동 신고,즉시
15,세무,세무1과,재산세 분할납부 신청,즉시
16,세무,세무1과,재산세 물납(물납부동산변경) 신청,5일
17,세무,세무1과,"지방세 환급금 청구, 지방세환급금 지급 청구",즉시
18,세무,세무1과,납세관리인 지정 및 변경신고서,즉시
19,세무,세무2과,소급공제 법인지방소득세액 환급 신청서,5~15일
20,세무,세무2과,법인지방소득세 세무조정 계산서 부속서류,5~15일
21,세무,세무2과,법인지방소득세 안분명세서,5~15일
22,세무,세무2과,법인지방소득세 외국법인세액 과세표준 차감 명세서,5~15일
23,세무,세무2과,연결법인관련 법인지방소득세 서식모음,15일
24,세무,세무2과,법인지방소득세 신고 서식(비영리법인포함),5~15일
25,세무,세무2과,지방세 생애최초 주택 구입 취득세 감면 신청서(2023.3.14.시행),2개월
26,세무,세무2과,공동주택가격 의견서 및 이의신청서,
27,세무,세무2과,개별주택가격 의견서 및 이의신청서,30일
28,세무,세무2과,토지등 매매차익에 대한 개인지방소득세 예정신고 및 납부계산서,즉시
29,세무,세무2과,결손금소급공제세액환급신청서,즉시
30,세무,세무2과,종합소득에 대한 개인지방소득세 과세표준확정신고 및 납부계산서 등,즉시
31,세무,세무2과,양도소득에 대한 개인지방소득세 과세표준 신고 및 납부계산서,즉시
32,세무,세무2과,주민세(사업소분) 신고,즉시
33,세무,세무2과,개인지방소득세 납부서,즉시
34,세무,세무2과,지방세 이의신청서,90일
35,세무,세무2과,지방세 과세표준 및 세액 등의 결정 또는 경정 청구서,2개월
36,세무,세무2과,취득세 계약해제 신고서,즉시
37,세무,세무2과,지방세 과세표준 수정신고서(지방세기본법 별지 제13호 서식),즉시
38,세무,세무2과,법인지방소득세 특별징수명세서,즉시
39,세무,세무2과,지방소득세(연말정산 등) 환급청구서,15~30일
40,세무,세무2과,취득세 신고,즉시
41,세무,세무2과,"지방소득세 특별징수 납부서, 지방소득세 특별징수 계산서 및 명세서",즉시
42,세무,세무2과,주민세(종업원분) 신고,즉시
43,세무,세무2과,지방세 감면 신청,5일
44,세무,세무2과,주민세(재산분) 신고,즉시
45,세무,세무2과,자동차 소유에 대한 자동차세 비과세 신청,7일
46,세무,세무2과,자동차세 일할계산 및 연세액 납부 승계 동의 신청,즉시
47,세무,세무2과,자동차세(소유) 연세액 신고,즉시
48,세무,세무2과,등록면허세(등록분) 자진 신고납부,즉시
49,민원,총무과,"모바일 주민등록증(발급, 재발급) 신청",즉시
50,민원,총무과,인감증명 발급신청(위임장 및 동의/확인서),
51,민원,총무과,해외체류 신고 및 신고철회,즉시
52,민원,총무과,주민등록번호 변경신청,주민등록번호 변경 결정 청구를 받은 날로부터 90일 이내
53,민원,총무과,인감보호 신청 및 보호해지 신청,즉시
54,민원,총무과,주민등록재등록신고,즉 시
55,민원,총무과,(모바일)주민등록증 분실신고 및 분실신고 철회신청,즉 시
56,민원,총무과,(IC)주민등록증 재발급신청,"발급신청확인서 즉시, 실물 신분증 14일~"
57,민원,총무과,(IC)주민등록증 신규발급신청,"발급신청확인서 즉시, 실물 신분증 14일~"
58,민원,총무과,주민등록표 등본(초본) 열람 및 교부,즉 시
59,민원,총무과,전입신고,즉 시
60,민원,총무과,주민등록(신규등록) 신고,즉 시
61,민원,총무과,주민등록이의신청,10일
62,민원,총무과,전입세대확인서 열람(발급),즉시
63,민원,총무과,"인감(사망, 실종선고,신고사항 변경,말소, 부활 등) 신고",즉 시
64,민원,총무과,인감(변경)신고(서면위임용),즉 시
65,민원,총무과,국외이주 신고,즉 시
66,민원,총무과,"주민등록정정(말소,거주불명등록)신고",즉 시
67,문화체육,문화관광체육과,비디오물 시청제공업 등록 신고,7일
68,문화체육,문화관광체육과,비디오물 제작업 및 배급업 신고,5일
69,문화체육,문화관광체육과,비디오물 영업신고(등록)증 재교부 신청,1일
70,문화체육,문화관광체육과,음반·음악영상물제작(배급)업 변경신고,3일
71,문화체육,문화관광체육과,음반·음악영상물제작(배급)업 신고,3일
72,문화체육,문화관광체육과,영화업 등록(신고)증 재교부 신청,3일
73,문화체육,문화관광체육과,"대중문화예술기획업 휴업, 폐업, 영업재개 신고",1일
74,문화체육,문화관광체육과,대중문화예술기획업 신규 및 변경 등록 신고,15일(신규) 7일(변경)
75,문화체육,문화관광체육과,"영화 및 비디오물 관련업자 변경(양도,양수) 등록,신고 신청",3일
76,문화체육,문화관광체육과,영화업 및 비디오물 관련업자 폐업신고 신청,1일
77,문화체육,문화관광체육과,"영화업 신고, 등록 신청",3일
78,문화체육,문화관광체육과,유통관련업자 허가·등록·신고신청,3일
79,문화체육,문화관광체육과,유통관련업자 등록사항 변경등록 신청(신고),3일
80,문화체육,문화관광체육과,정보?전자?기타간행물사업 신규 ? 변경 ? 폐업 신고,"신규 25일, 변경 5일(발행인?편집인 변경시 20일), 폐업 5일"
81,문화체육,문화관광체육과,체육시설업 신고(변경신고),신고: 7일 변경신고: 5일
82,문화체육,문화관광체육과,체육시설업 신고증명서 재발급 신청,즉시
83,문화체육,문화관광체육과,체육시설업 휴업(폐업)통보,즉시
84,문화체육,문화관광체육과,"출판사,인쇄사 신규,변경신고 신청",3일
85,문화체육,문화관광체육과,관광사업 양수(지위승계) 신고,여행업·관광숙박업·관광객이용시설업·국제회의업·유원시설업·관광편의시설업 : 5일 / 카지노업 7일
86,문화체육,문화관광체육과,관광사업 휴업(폐업) 통보,1일
87,문화체육,문화관광체육과,기타 테마파크업 신고사항 변경신고,3일
88,문화체육,문화관광체육과,기타 테마파크업 영업 신고,3일
89,문화체육,문화관광체육과,동력수상레저기구 등록,3일
90,문화체육,문화관광체육과,동력수상레저기구 말소등록,3일
91,문화체육,문화관광체육과,등록증 재발급 신청,3일
92,문화체육,문화관광체육과,수상레저기구 등록사항 변경,3일
93,문화체육,문화관광체육과,테마파크업 허가 신청,3일
94,문화체육,문화관광체육과,테마파크업 허가사항 변경허가 신청,3일
95,문화체육,문화관광체육과,유통관련업 등록증 재교부 신청,1일
96,문화체육,문화관광체육과,공연장업 등록 변경등록 신청,등록 : 7일 변경 : 3일
97,문화체육,문화관광체육과,공연장업 등록증 재교부 신청,1일
98,문화체육,문화관광체육과,관광사업 등록신청 - 사전심사청구제 대상민원,"여행업, 관광숙박업 및 야영장업: 7일, 종합휴양업: 12일, 외국인관광 도시민박업: 14일, 기타: 5일"
99,문화체육,문화관광체육과,관광사업 변경등록 신청,4일
100,공유재산,재무과,공유재산 사용수익허가·대부신청서,30일
101,민원,민원봉사과,외국인체류확인서 열람(발급),즉시
102,민원,민원봉사과,국적취득자의 성·본 창설신고,
103,민원,민원봉사과,재외동포(F-4) 통합신청,즉시
104,민원,민원봉사과,재산조회 통합처리 신청(안심상속 원스톱서비스),7~20일
105,민원,민원봉사과,가족관계에 관한 영문증명서 발급 신청,즉시
106,민원,민원봉사과,거소(지) 변경 신고,즉시
107,민원,민원봉사과,국내거소신고 사실증명 발급,즉시
108,민원,민원봉사과,거주/숙소제공 확인서,즉시
109,민원,민원봉사과,건축물 현황도 열람발급 동의서(위임장),
110,민원,민원봉사과,혼인신고 수리불가 신고,
111,민원,민원봉사과,파양 신고,
112,민원,민원봉사과,협의이혼 의사 철회,
113,민원,민원봉사과,친권자(지정·변경) 신고,
114,민원,민원봉사과,친양자 입양 신고,
115,민원,민원봉사과,친양자 입양 취소 신고,
116,민원,민원봉사과,친양자 파양 신고,
117,민원,민원봉사과,출생 신고,
118,민원,민원봉사과,"친권(상실·일시정지·일부제한), 법률행위대리권·재산관리권(상실·사퇴) 신고",
119,민원,민원봉사과,"친권(상실·일시정지·일부제한)회복, 법률행위대리권·재산관리권(상실·사퇴)회복신고",
120,민원,민원봉사과,추후보완 신고,
121,민원,민원봉사과,인지(친권자지정) 신고,
122,민원,민원봉사과,여권 발급 신청,8일
123,민원,민원봉사과,입양 신고,
124,민원,민원봉사과,입양취소 신고,
125,민원,민원봉사과,이혼(친권자지정) 신고,
126,민원,민원봉사과,실종(부재)선고 신고,
127,민원,민원봉사과,실종(부재)선고 취소 신고,
128,민원,민원봉사과,어디서나 민원 신청,3시간
129,민원,민원봉사과,성·본 계속사용 신고,
130,민원,민원봉사과,성·본 변경 신고,
131,민원,민원봉사과,사망 신고,
132,민원,민원봉사과,사산 신고,
133,민원,민원봉사과,등록기준지 변경 신고,
134,민원,민원봉사과,등록부정정 신고,
135,민원,민원봉사과,가족관계 등록사항별 증명서 교부 등 신청서,
136,민원,민원봉사과,개명신고,
137,민원,민원봉사과,가족관계등록 창설 신고,
138,민원,민원봉사과,가족관계등록부 존재 신고,
139,민원,민원봉사과,혼인신고 수리불가 신고의 철회,
140,민원,민원봉사과,미성년(후견·후견감독)개시신고,
141,민원,민원봉사과,미성년(후견인·후견감독인)경질신고,
142,민원,민원봉사과,미성년(후견인·후견감독인)종료신고,
143,민원,민원봉사과,혼인 신고,
144,민원,민원봉사과,혼인 취소 신고,
145,민원,민원봉사과,외국인 체류지 변경 신고,
146,민원,민원봉사과,사실증명 발급·열람(출입국/외국인등록),즉시
147,민원,민원봉사과,정보공개 청구,청구를 받은 날부터 10일 이내(10일의 범위에서 1회 연장 가능)
148,민원,정보통신과,정보통신설비 유지보수·관리 제도,3일
149,민원,정보통신과,정보통신공사 사용전검사,14일
150,사회복지,복지정책과,사회보장급여 신청(변경),"○14일: 한부모가족, 유아학비 ○30일: 기초생활보장, 기초연금, 장애인연금, 청소년 특별지원 ○70일 이내: 초중고 학생 교육비 지원"
151,사회복지,복지정책과,"사회복지시설 폐지,휴지,재개신고",없음
152,사회복지,복지정책과,"사회복지시설설치,운영신고",20일
153,사회복지,복지정책과,"긴급지원대상자(해산급여,장제급여,전기요금)지원신청",3일
154,사회복지,복지정책과,"국민기초생활수급자(일반,보장시설)증명서 발급",즉시
155,사회복지,생활보장과,의료급여 요양비 지급청구,15일
156,사회복지,생활보장과,장애인 보조기기 의료급여 신청,10일
157,사회복지,생활보장과,자활근로자 확인서,즉시
158,사회복지,생활보장과,"복지대상자 (해산급여,장제급여)지원신청",4일
159,"건설,건축",노인장애인과,완화된 세부기준의 승인신청서,20일
160,사회복지,노인장애인과,통합지원 신청서,5일
161,사회복지,노인장애인과,장기요양기관 변경지정 신청서,7일
162,사회복지,노인장애인과,장기요양기관 지정(갱신)신청서,30일
163,사회복지,노인장애인과,장기요양기관 변경신고,7일
164,사회복지,노인장애인과,"죽은 태아(매장, 화장) 신고",즉시
165,사회복지,노인장애인과,"종교단체, 법인 자연장지 조성(변경)허가 신청",30일
166,사회복지,노인장애인과,기초연금 수급권 상실신고서,30일
167,사회복지,노인장애인과,장례식장영업 폐업신고,즉시
168,사회복지,노인장애인과,"장례식장 (영업, 변경) 신고","영업신고 : 30일, 변경신고: 10일"
169,사회복지,노인장애인과,가족ㆍ종중ㆍ문중자연장지 조성(변경)신고,10일
170,사회복지,노인장애인과,개인자연장지 조성(변경)신고,7일
171,사회복지,노인장애인과,장애인자립자금대여,20일
172,사회복지,노인장애인과,장애인증명서 발급 위임장 및 법정대리인 동의서,즉시
173,사회복지,노인장애인과,장기요양기관 입소.이용 신청,7일
174,사회복지,노인장애인과,화장시설(봉안당) 설치(변경)신고,30일
175,사회복지,노인장애인과,"장애인복지시설명칭,시설종류,시설장변경신고",10일
176,사회복지,노인장애인과,"장애인복지시설 소재지,이용정원 변경신고",10일
177,사회복지,노인장애인과,재가노인복지시설 설치신고,7일
178,사회복지,노인장애인과,장애인 등록 및 서비스 신청,별도안내
179,사회복지,노인장애인과,"장애인복지시설 설치,운영신고",10일
180,사회복지,노인장애인과,"장애인복지시설(운영중단,운영재개,폐지)신고",10일
181,사회복지,노인장애인과,"장기요양기관 폐업, 휴업 신고",4일
182,사회복지,노인장애인과,양로시설 등 비용수납신고,4일
183,사회복지,노인장애인과,"봉안시설(봉안묘,봉안탑,봉안담) 설치(변경)신고","개인, 가족, 종중, 문중 : 10일, 종교단체, 법인 : 30일"
184,사회복지,노인장애인과,분묘 설치기간 연장 신청,즉시
185,사회복지,노인장애인과,노인여가복지시설설치신고,7일
186,사회복지,노인장애인과,노인의료복지시설 설치신고,7일
187,사회복지,노인장애인과,"노인주거,의료,여가,재가복지시설 변경신고",4일
188,사회복지,노인장애인과,"노인주거,의료,여가,재가복지시설 폐지,휴지신고",4일
189,사회복지,노인장애인과,노인주거복지시설설치신고,7일
190,사회복지,노인장애인과,"시신·유골 (매장, 화장) 신고",즉시
191,사회복지,노인장애인과,미지급 기초연금 지급 청구,7일
192,사회복지,노인장애인과,"법인묘지 등의 사용료, 관리비 등 신고",즉시
193,사회복지,노인장애인과,가족 등 묘지 설치(변경) 허가 신청,"법인묘지 : 30일, 가족,종중,문중묘지 : 10일"
194,사회복지,노인장애인과,개인묘지 설치(변경) 신고,7일
195,사회복지,노인장애인과,개장신고(허가)서,"개장신고 : 2일, 개장허가:3일"
196,사회복지,노인장애인과,기초연금이의신청서,60
197,"아동,청소년",교육지원과,「청소년 보호법」위반 과징금 분할납부 신청,7
198,사회복지,가정보육과,아빠 육아휴직 장려금 지원 신청서,30일
199,사회복지,가정보육과,아빠 육아휴직 장려금 지원신청 위임장,30일
200,"아동,청소년",가정보육과,출산서비스 통합처리 신청서,30일
201,사회복지,가정보육과,어린이집 폐지ㆍ휴지ㆍ재개 신고서,폐지·휴지 : 2개월
202,사회복지,가정보육과,결혼중개업 변경 신고 및 신청,30일
203,사회복지,가정보육과,결혼중개업 신고 및 등록,30일
204,사회복지,가정보육과,복지대상자시설입소(이용)신청(아동),10일
205,사회복지,가정보육과,복지대상자시설입소(이용)신청 (한부모),10일
206,사회복지,가정보육과,가정폭력 관련 상담원 교육훈련시설 설치 신고,10일
207,사회복지,가정보육과,"한부모가족복지시설 (폐지,운영중단,재개) 신고서",7일
208,사회복지,가정보육과,한부모가족복지시설 변경신고서,7일
209,사회복지,가정보육과,한부모가족복지 시설 설치 신고,14
210,사회복지,가정보육과,어린이집 인가,14일
211,사회복지,가정보육과,보육교직원 경력(재직)증명서,즉시
212,사회복지,가정보육과,육아종합지원센터 위탁,14일
213,사회복지,가정보육과,육아종합지원센터 위탁사항 변경,3일
214,사회복지,가정보육과,가정폭력 관련 상담원 교육훈련시설 변경 신고,5일
215,사회복지,가정보육과,가정폭력피해자 보호시설 변경인가,5일
216,사회복지,가정보육과,가정폭력피해자 보호시설 인가,10일
217,사회복지,가정보육과,국공립어린이집 위탁사항 변경,3일
218,사회복지,가정보육과,국공립어린이집 위탁,14일
219,사회복지,가정보육과,가정폭력 관련 상담소 변경 신고,5일
220,사회복지,가정보육과,가정폭력 관련 상담소 설치 신고,10일
221,사회복지,가정보육과,"가정폭력 관련 상담소 등의 폐지. 휴지, 운영재개 신고",6일
222,사회복지,가정보육과,어린이집 변경인가,7일
223,사회복지,가정보육과,한부모가족증명서의발급,즉시
224,"아동,청소년",아동행복과,입양대상아동확인,2일
225,"아동,청소년",아동행복과,입양아동 양육수당 신청,15일
226,"아동,청소년",아동행복과,장애아동양육보조금 신청,15일
227,"아동,청소년",아동행복과,"아동복지시설 변경 신고(명칭, 시설의 장, 소재지, 정원)",2일
228,"아동,청소년",아동행복과,아동복지시설 설치 신고,20일
229,"아동,청소년",아동행복과,"아동복지시설(휴업, 폐업, 재개) 신고",2일
230,"아동,청소년",아동행복과,아동귀가신청,2일
231,"아동,청소년",아동행복과,아동보호시설의보호기간연장승인,3일
232,"아동,청소년",아동행복과,보호시설에 있는 미성년자 후견인 지정,즉시
233,"청소,환경",환경관리과,석면건축물제외승인신청서,7일
234,"청소,환경",환경관리과,석면해체제거사업장의석면비산측정결과보고서,즉시
235,"청소,환경",환경관리과,석면건축물안전관리인 지정변경신고서,즉시
236,"청소,환경",환경관리과,석면해체작업 감리완료 보고서,15일
237,"청소,환경",환경관리과,감리인지정현황(변경)신고서,7일
238,"청소,환경",환경관리과,건축물석면조사결과보고서,7일
239,"청소,환경",환경관리과,특정토양오염관리대상시설설치(변경)신고,"설치: 7일, 변경: 3일"
240,"청소,환경",환경관리과,"배출시설, 방지시설 자체개선완료 보고서",7일
241,"청소,환경",환경관리과,"배출시설, 방지시설의 개선, 조업정지, 사용중지, 폐쇄명령 이행보고서",4일
242,"청소,환경",환경관리과,배출시설 변경 허가(신고),5일
243,"청소,환경",환경관리과,대기·폐수·악취 배출시설 설치 허가신청(신고) -사전심사청구 대상민원,10일 (소음 5일)
244,"청소,환경",환경관리과,"배출시설, 방지시설 자체개선계획서",7일
245,"청소,환경",환경관리과,"배출부과금 면제, 경감대상명세서",10일
246,"청소,환경",환경관리과,배출시설 및 방지시설의 가동개시 신고,즉시
247,"청소,환경",환경관리과,관리대상기기등 (변경)신고,7일
248,"청소,환경",환경관리과,기타 수질오염원 배출시설 설치(변경) 신고,"5일, 4일"
249,"청소,환경",환경관리과,배출부과금 조정 신청,10일
250,"청소,환경",기후대기과,배출가스 전문정비사업 등록신청,30일 이내
251,"청소,환경",기후대기과,배출가스 전문정비사업 변경등록신청,30일 이내
252,"청소,환경",기후대기과,가정용 친환경 보일러 보조금 신청 서식,
253,"청소,환경",기후대기과,가정용 2종 보일러 설치 확인서 및 현장심사 신청서,
254,"산업,경제",기후대기과,"고압가스(제조,저장소 설치,판매) 허가증 재발급 신청서",즉시
255,"청소,환경",기후대기과,특정공사 사전신고,4일
256,"청소,환경",기후대기과,특정공사 변경신고,4일
257,"청소,환경",기후대기과,비산먼지 시설기준 변경신청,4일
258,"청소,환경",기후대기과,비산먼지 발생사업 변경신고,4일
259,"청소,환경",기후대기과,비산먼지 발생사업 신고,4일
260,"산업,경제",기후대기과,(용기·냉동기·특정설비)제조등록,5일
261,"산업,경제",기후대기과,(용기·냉동기·특정설비)제조변경등록,4일
262,"산업,경제",기후대기과,특정고압가스 사용신고,즉시
263,"산업,경제",기후대기과,"고압가스 사업,저장소(개시,중단,폐지,재개)신고",즉시
264,"산업,경제",기후대기과,"고압가스(제조,저장,판매) 허가(변경허가)신청",5일
265,"산업,경제",기후대기과,고압가스사업 지위승계신고,4일
266,"산업,경제",기후대기과,고압가스제조신고 및 변경신고,2일
267,"산업,경제",기후대기과,공급자의 공급 중지신고(고압가스),즉시
268,"산업,경제",기후대기과,고압가스(수입업자·운반자)등록(변경등록),5일
269,공유재산,생태하천과,소하천 점용허가 신청,
270,공유재산,생태하천과,하천 점용허가 신청,20일
271,"건설,건축",생태하천과,유출지하수 발생현황신고,5일
272,"청소,환경",생태하천과,지하수개발·이용자 권리·의무 승계신고,7일
273,"청소,환경",생태하천과,"지하수 관련 (시정명령 등 조치, 개선명령)이행완료 통보",10일
274,"청소,환경",생태하천과,가축분뇨 관련영업 허가?변경허가?변경 신고,7일(가축분뇨처리업의 경우 40일)
275,"청소,환경",생태하천과,가축분뇨배출시설 설치?변경 신고,"설치신고 : 5일, 변경신고 : 2일"
276,"청소,환경",생태하천과,"재활용시설의 개선,처리금지,폐쇄 명령 이행보고서",4일(검사기간 제외)
277,"청소,환경",생태하천과,배출시설 및 처리시설의 비정상운영신고서,4일
278,"건설,건축",생태하천과,지하수개발·이용시공업 양도ㆍ양수 신고,7일
279,"건설,건축",생태하천과,지하수개발·이용시공업 합병신고,7일
280,"청소,환경",생태하천과,지하수개발?이용신고,7일
281,"청소,환경",생태하천과,지하수개발?이용종료신고,5일
282,"청소,환경",생태하천과,지하수개발ㆍ이용 준공신고,7일
283,"청소,환경",생태하천과,지하수개발.이용허가(행위허가)신청,30일
284,"청소,환경",생태하천과,지하수개발.이용허가유효기간연장허가신청,20일
285,"청소,환경",생태하천과,지하수개발·이용 변경신고,7일
286,"청소,환경",생태하천과,지하수개발.이용변경허가신청,20일
287,"건설,건축",생태하천과,지하수개발.이용 시공업등록(변경등록)신청,10일
288,"건설,건축",생태하천과,지하수개발·이용시공업 승계신고,7일
289,"청소,환경",생태하천과,오수처리시설.정화조 설치.변경 신고,5일
290,"건설,건축",생태하천과,토지의 출입·사용 허가신청,7일
291,"청소,환경",생태하천과,지하수영향조사기관 등록(변경등록)신청,10일
292,"건설,건축",생태하천과,원상복구예외인정신청,10일
293,"청소,환경",생태하천과,유출지하수이용계획신고,5일
294,"청소,환경",생태하천과,사후관리 이행신고,5일
295,"청소,환경",생태하천과,사후관리 이행종료신고,10일
296,"청소,환경",생태하천과,배수설비 설치 신고,5일
297,"청소,환경",생태하천과,배수설비 준공검사 신청,5일
298,"청소,환경",생태하천과,오수처리시설.정화조 준공검사 신청,5일
299,"청소,환경",생태하천과,오수처리시설 .정화조 폐쇄신고,3일
300,"청소,환경",생태하천과,오수처리시설.정화조 개선완료(개선명령 이행) 보고,7일 (오염도 검사기간 제외)
301,"청소,환경",생태하천과,분뇨 및 개인하수처리관련영업 휴.폐.재개업 신고,즉시
302,"청소,환경",생태하천과,분뇨수집.운반업 허가.변경 신고,7일
303,"청소,환경",생태하천과,개인하수처리시설 제조업 등록.변경 신고,10일
304,"청소,환경",생태하천과,가축분뇨배출시설 설치허가?변경 신고,"설치,변경허가 : 7일, 변경신고 : 5일"
305,"청소,환경",생태하천과,개인하수처리시설 관리업 등록.변경 신고,7일
306,"청소,환경",생태하천과,개인하수처리시설 설계.시공업 등록.변경 신고,10일
307,"청소,환경",생태하천과,가축분뇨 재활용.재활용 변경 신고,3일
308,"청소,환경",생태하천과,배출시설 등의 준공검사 신청,10일
309,"청소,환경",생태하천과,"배출시설 및 처리시설의 개선,조치,사용중지,폐쇄 명령 이행보고서",4일
310,공유재산,생태하천과,공유수면 점용·사용허가 신청,14일
311,"건설,건축",생태하천과,굴착행위변경신고,5일
312,"건설,건축",생태하천과,굴착행위신고,5일
313,"건설,건축",생태하천과,굴착행위종료신고,5일
314,"청소,환경",자원순환과,합병·분할 허가신청서,30일
315,"청소,환경",자원순환과,양수·인수 허가신청서,30일
316,"청소,환경",자원순환과,폐기물 처리(변경)신고,14일
317,"청소,환경",자원순환과,폐기물처분시설 또는 재활용시설 설치(변경)신고,10일
318,"청소,환경",자원순환과,권리의무승계신고서,7일
319,"청소,환경",자원순환과,폐기물 배출 및 처리 실적보고서(배출자용),
320,"청소,환경",자원순환과,폐기물 중간처분 실적보고서(중간처분업자용),
321,"청소,환경",자원순환과,"폐기물 재활용 실적보고서(재활용업자용, 폐기물처리(재활용)신고자용)",
322,"청소,환경",자원순환과,폐기물 수집ㆍ운반 실적보고서(수집ㆍ운반업자용)-폐기물수집운반업/폐기물처리(수집운반)신고,
323,"청소,환경",자원순환과,건설폐기물중간처리실적보고서 / 순환골재 등 생산ㆍ판매실적보고서[중간처리업자용],
324,"청소,환경",자원순환과,건설폐기물수집·운반실적보고서,
325,"청소,환경",자원순환과,건설폐기물 처리업 변경신고,10일
326,"청소,환경",자원순환과,폐기물 처리업 변경신고 -사전심사청구제 대상민원,10일
327,"청소,환경",자원순환과,건설폐기물 처리사업(처리업 변경)계획서 신청,30일
328,"청소,환경",자원순환과,폐기물 수집운반증 발급신청서,1일
329,"청소,환경",자원순환과,폐기물처분시설 또는 재활용 사용개시 신고,7일
330,"청소,환경",자원순환과,"폐기물처분시설 및 재활용시설 사용종료,폐쇄 신고",30일(매립시설 : 100일)
331,"청소,환경",자원순환과,음식물류 폐기물 발생 억제 및 처리 계획 (변경)신고서,7일
332,"청소,환경",자원순환과,폐기물 처리업 (변경) 허가 - 사전심사청구제 대상민원,10일
333,"청소,환경",자원순환과,폐기물 처리 사업계획서 신청(변경),30일(폐기물 수집ㆍ운반업의 경우에는 20일을 말한다)
334,"청소,환경",자원순환과,지정폐기물처리(변경)계획서,5일
335,"청소,환경",자원순환과,사업장폐기물 배출자의 신고,"3일,5일"
336,"청소,환경",자원순환과,건설폐기물처리업 휴업.폐업.재개업 신고,10일
337,"청소,환경",자원순환과,건설폐기물처리(변경)계획서,3일
338,"청소,환경",자원순환과,건설폐기물처리시설사용개시신고,10일
339,"청소,환경",자원순환과,건설폐기물처리업 허가(변경허가) 신청,10일
340,"산업,경제",경제정책과,"(동물생산업, 동물수입업, 동물판매업, 동물장묘업, 동물전시업, 동물위탁관리업, 동물미용업, 동물운송업) 영업자 지위승계 신고",3일
341,"산업,경제",경제정책과,(동물전시업¸ 동물위탁관리업¸ 동물미용업¸ 동물운송업) 변경등록신청,7일
342,"산업,경제",경제정책과,"(동물전시업, 동물위탁관리업, 동물미용업, 동물운송업) 영업등록신청",15일
343,"산업,경제",경제정책과,통신판매업 신고증 재발급,즉시(3시간)
344,"산업,경제",경제정책과,담배소매인 (허가증ㆍ등록증ㆍ지정서)등 재발급신청,즉시
345,"산업,경제",경제정책과,"어구생산업·어구판매업 신고(신규, 변경, 폐업)",7일
346,"산업,경제",경제정책과,동물등록 변경신고,7일
347,"산업,경제",경제정책과,양봉농가 등록(변경)신고,7일
348,"산업,경제",경제정책과,"어선(건조, 건조발주) 허가신청",3일
349,"산업,경제",경제정책과,낚시터업 폐업 신고,즉시
350,"산업,경제",경제정책과,낚시어선업 폐업신고,즉시
351,"산업,경제",경제정책과,비료생산업(수입업) 변경신고,"소재지 이전 : 7일, 비료 추가 : 4일, 기타사항 : 즉시"
352,"산업,경제",경제정책과,비료수입업 신고,7일
353,"산업,경제",경제정책과,비료생산업 등록신청서,14일
354,"산업,경제",경제정책과,"동물생산업, 동물수입업, 동물판매업, 동물장묘업 변경허가 신청",7일
355,"산업,경제",경제정책과,"동물생산업, 동물수입업, 동물판매업, 동물장묘업 허가증 재발급 신청",즉시
356,"산업,경제",경제정책과,동물보호센터 지정 신청,40일
357,"산업,경제",경제정책과,농지대장 교부신청,"발급 : 즉시(3시간), 신규작성 및 수정 : 10일"
358,"산업,경제",경제정책과,수산물가공업 신고서,7일
359,"산업,경제",경제정책과,동물등록 신청,10일
360,"산업,경제",경제정책과,민영도시농업농장 개설등록 신청서,30일
361,"산업,경제",경제정책과,도시농업공동체 등록신청서,10일
362,"산업,경제",경제정책과,"동물판매업 등 (휴업,폐업,재개업) 신고",즉시
363,"산업,경제",경제정책과,"동물장묘업, 동물생산업, 동물수입업, 동물판매업 영업허가 신청",15일
364,"산업,경제",경제정책과,동물용 의약품 도매상 등 등 허가(등록?신고)변경신청(신고),4일
365,"산업,경제",경제정책과,동물약국개설 신고,2일
366,"산업,경제",경제정책과,방문(전화권유)판매업 변경신고,3일
367,"산업,경제",경제정책과,방문(전화권유)판매업 휴업폐업영업재개신고,3일
368,"산업,경제",경제정책과,통신판매업 신고,3일
369,"산업,경제",경제정책과,통신판매업 휴업 폐업 영업재개신고,3일
370,"산업,경제",경제정책과,통신판매업 변경신고,3일
371,"산업,경제",경제정책과,식육포장처리업 등 영업허가의 변경 신청(신고),"허가처리 : 7일, 신고처리 : 3일"
372,"산업,경제",경제정책과,어선원부등본교부신청,즉시
373,"산업,경제",경제정책과,대부업 폐업신청,3일
374,"산업,경제",경제정책과,"축산물 판매업(운반업,식육즉석판매가공업) 영업신고",3일
375,"산업,경제",경제정책과,축산물판매업 등 영업자 지위승계,3일
376,"산업,경제",경제정책과,"축산물판매업 등 폐업(휴업,재개업)신고서",즉시
377,"산업,경제",경제정책과,축산물판매업 신고필증 재교부신청,즉시
378,"산업,경제",경제정책과,축산물판매업 등 영업신고사항 변경신고,3일
379,"산업,경제",경제정책과,수산종자생산업 허가신청,5일
380,"산업,경제",경제정책과,어업허가 유예신청,2일
381,"산업,경제",경제정책과,어업허가사항 변경허가,2일
382,"산업,경제",경제정책과,"제조관리자,수입관리자,관리약사변경신고",2일
383,"산업,경제",경제정책과,"어선 개조,개조발주 허가신청",3일
384,"산업,경제",경제정책과,어선등록말소신청,즉시
385,"산업,경제",경제정책과,어선등록(변경)신청,어선등록 : 2일 / 어선변경등록 : 즉시 (선적항 변경등록 : 2일)
386,"산업,경제",경제정책과,어업 허가증(신고어업증명서) 재발급 신청,2일
387,"산업,경제",경제정책과,어업폐업신고,즉시
388,"산업,경제",경제정책과,식육포장처리업(축산물보관업)영업허가신청,8일
389,"산업,경제",경제정책과,식육포장처리업 등 허가증 재교부신청,즉시
390,"산업,경제",경제정책과,동물용 의약품 도매상 허가신청,3일
391,"산업,경제",경제정책과,방문(전화권유)판매업 신고,3일
392,"산업,경제",경제정책과,대규모점포 개설(변경) 등록신청 - 사전심사청구제 대상민원,30일
393,"산업,경제",경제정책과,대규모점포 관리자(변경) 신고,3일
394,"산업,경제",경제정책과,"대리경작자 지정이의,중지,해지 신청",7일
395,"산업,경제",경제정책과,대부업 등록 신청,14일
396,"산업,경제",경제정책과,대부업 변경등록신청,14일
397,"산업,경제",경제정책과,"동물병원 휴업,폐업신고",즉시
398,"산업,경제",경제정책과,동물병원개설신고,7일
399,"산업,경제",경제정책과,동물약국개설 등록신청,2일
400,"산업,경제",경제정책과,"동물용 의약품등 허가증,등록증,신고증,재교부(갱신)신청",3일
401,"산업,경제",경제정책과,"동물용의약품등 제조업,도매업,구매업의 폐업(휴업,재개)신고",1일
402,"산업,경제",경제정책과,농지전용허가 신청,10일
403,"산업,경제",경제정책과,농지취득자격증명신청,"7일, 14일(농지위원회 개최대상)"
404,"산업,경제",경제정책과,담배도매업 등록,5일
405,"산업,경제",경제정책과,담배소매업 폐업(휴업)신고,3시간
406,"산업,경제",경제정책과,담배소매인 영업소 위치변경승인신청,7일
407,"산업,경제",경제정책과,담배소매인 지정신청,7일
408,"산업,경제",경제정책과,담배판매업 폐업(휴업)신고,즉시
409,"산업,경제",경제정책과,대규모점포 휴ㆍ폐업신고,3일
410,"산업,경제",경제정책과,낚시어선업신청,2일
411,"산업,경제",경제정책과,낚시터업 허가 등록 신청,5일
412,"산업,경제",경제정책과,내수면어업신고,1일
413,"산업,경제",경제정책과,농약판매업 등록신청,4일
414,"산업,경제",경제정책과,"어업허가(연안, 구획어업) 신청서",3일
415,"산업,경제",경제정책과,가축사육업 허가 및 변경허가 신청,15일
416,"산업,경제",경제정책과,"가축사육업변경(휴업,폐업,영업재개,등록사항 변경)신고",5일
417,"산업,경제",경제정책과,새마을금고 설립 인가,90일
418,"산업,경제",청년정책일자리과,직업소개사업 폐업신고,즉시
419,"산업,경제",청년정책일자리과,직업소개사업 변경신고,15일
420,"산업,경제",청년정책일자리과,국내유료직업소개사업 등록 신청,15일
421,"산업,경제",기업지원과,"액화석유가스(충전사업,집단공급사업,판매사업,저장소설치, 가스용품 제조사업) 허가증 재발급 신청서",즉시
422,"산업,경제",기업지원과,"액화석유가스(충전사업,집단공급사업,판매사업,저장소설치) 변경신고",3일
423,"산업,경제",기업지원과,산업단지 임대신고서,7일
424,"산업,경제",기업지원과,산업단지 입주업체 완료신고서,3일
425,"산업,경제",기업지원과,공장설립(신?증설?업종변경등)승인(변경) 신청 - 사전심사청구제 대상민원,7일
426,"산업,경제",기업지원과,"공장등록(등록변경,부분등록,건축물등록)신청 - 사전심사청구제 대상민원",7일
427,"산업,경제",기업지원과,공장 설립계획 사전협의 요청서,7일
428,"산업,경제",기업지원과,공장 설립계획 (변경승인) 신청서,20일
429,"산업,경제",기업지원과,비상공급시설 설치 신고(도시가스),즉시
430,"산업,경제",기업지원과,노동조합정기현황통보서,매년 1.31까지
431,"산업,경제",기업지원과,노동조합해산 신고서,즉시
432,"산업,경제",기업지원과,노동조합 소집권자 지명요구서,3일
433,"산업,경제",기업지원과,"석유판매업 개시(휴업,폐업)신고",즉시
434,"산업,경제",기업지원과,"석유판매업 변경등록,신고",4일
435,"산업,경제",기업지원과,석탄가공업 등록사항 변경신고,10일
436,"산업,경제",기업지원과,석탄가공업 등록신청,14일
437,"산업,경제",기업지원과,"도시가스사업 개시,휴업,폐업 신고",즉시
438,"산업,경제",기업지원과,도시가스 공사계획신고(변경신고),즉시
439,"산업,경제",기업지원과,도시가스 충전사업 허가(변경)신청,4일
440,"산업,경제",기업지원과,"계량증명업(제조업,수리업 등)등록사항 변경신고",7일
441,"산업,경제",기업지원과,지식산업센터 설립 (변경)승인,7일
442,"산업,경제",기업지원과,지식산업센터 설립(변경)완료 신고,3일
443,"산업,경제",기업지원과,처분신고서,7일
444,"산업,경제",기업지원과,처분신청서,30일
445,"산업,경제",기업지원과,임대신고서,7일
446,"산업,경제",기업지원과,입지기준확인신청,7일
447,"산업,경제",기업지원과,액화석유가스 사업등의 지위승계 신고서,4일
448,"산업,경제",기업지원과,액화석유가스 가스용품제조사업 허가(변경)신청,5일
449,"산업,경제",기업지원과,"액화석유가스 사업,저장소사용 개시,중단,폐지 신고",즉시
450,"산업,경제",기업지원과,"액화석유가스(충전사업,집단공급사업,판매사업,저장소설치) 허가신청 - 사전심사청구제 대상민원",5일
451,"산업,경제",기업지원과,"액화석유가스(충전사업,집단공급사업,판매사업,저장소설치)변경허가신청 - 사전심사청구제 대상민원",4일
452,"산업,경제",기업지원과,액화석유가스충전사업 영업소 설치 허가(변경허가) 신청,허가5일/변경허가4일
453,"산업,경제",기업지원과,산업단지 입주계약(변경) 신청,5일
454,"산업,경제",기업지원과,석유판매업(용제판매소) 등록신청,7일
455,"산업,경제",기업지원과,석유판매업(일반판매소)신고,7일
456,"산업,경제",기업지원과,석유판매업(주유소)등록신청 - 사전심사청구제 대상민원,7일
457,"산업,경제",기업지원과,"석탄가공업 폐지,휴지,재개 신고",즉시
458,"산업,경제",기업지원과,사업개시 신고(확인)서,3일
459,"산업,경제",기업지원과,도시가스공사계획 승인(변경승인)신청,3일
460,"산업,경제",기업지원과,기존공장폐쇄 확인,3일
461,"산업,경제",기업지원과,노동조합(노동단체)설립신고,3일
462,"산업,경제",기업지원과,노동조합(노동단체)설립신고사항 변경신고,3일
463,"산업,경제",기업지원과,노동조합(노동단체)설립신고증 재교부신청,2일
464,"산업,경제",기업지원과,공장설립(제조시설설치) 승인사항 변경신고서,7일
465,"산업,경제",기업지원과,공장설립등의 완료신고,3일
466,"산업,경제",기업지원과,공장이전(예정) 확인,즉시
467,"산업,경제",기업지원과,공장등록 증명 신청,즉시
468,"산업,경제",기업지원과,가스 안전관리자 선임·해임·퇴직 신고,즉시
469,"산업,경제",기업지원과,계량기 소재장소 정기검사 신청,7일
470,"산업,경제",기업지원과,"계량증명업(제조업,수리업)등록신청",15일
471,"식품,위생",식품위생과,집단급식소 설치ㆍ운영자 지위승계 신고,즉시
472,"식품,위생",식품위생과,음식점 위생등급제 유효기간 연장 신청서,60일
473,"식품,위생",식품위생과,음식점 위생등급제 재평가 신청서,60일
474,"식품,위생",식품위생과,음식점 위생등급제 지정 신청,60일
475,"식품,위생",식품위생과,영업신고사항 변경신고(위생용품제조업),3일
476,"식품,위생",식품위생과,영업의 휴업. 폐업 등 신고서(위생용품제조업),즉시
477,"식품,위생",식품위생과,영업자 지위승계 신고서(위생용품제조업),즉시
478,"식품,위생",식품위생과,영업신고증 재발급 신청서(위생용품제조업),즉시
479,"식품,위생",식품위생과,위생용품제조업 등 영업신고서,3일
480,"식품,위생",식품위생과,이(미)용사 면허증 재발급 신청서,즉시
481,"식품,위생",식품위생과,이(미)용사 면허신청서,즉시
482,"식품,위생",식품위생과,식품접객영업자 등의 준수사항,
483,"식품,위생",식품위생과,식품영업신고사항 변경신고,즉시
484,"식품,위생",식품위생과,공중위생영업신고서첨부서류(개인정보제공동의서),
485,"식품,위생",식품위생과,공중위생영업신고서첨부서류(영업시설및설비개요서),
486,"식품,위생",식품위생과,온라인 품목제조보고 매뉴얼,
487,"식품,위생",식품위생과,민원서류위임장(예시),
488,"식품,위생",식품위생과,제조방법설명서(예시),
489,"식품,위생",식품위생과,음식판매자동차(푸드트럭) 신고시 구비서류,
490,"식품,위생",식품위생과,"식품위생법 식품위생영업(제조, 접객, 판매) 업종별 시설기준",
491,"식품,위생",식품위생과,식품(식품첨가물) 품목제조보고 관련서식,
492,"식품,위생",식품위생과,"영업자 지위승계신고(식품영업허가,등록,신고)",즉시
493,"식품,위생",식품위생과,즉석판매제조가공업(한시적영업신고서),
494,"식품,위생",식품위생과,식품제조가공업 품목제조보고 관련서식,
495,"식품,위생",식품위생과,집단급식소 설치ㆍ운영 종료신고,즉 시
496,"식품,위생",식품위생과,집단급식소 설치ㆍ운영신고사항 변경신고,즉시
497,"식품,위생",식품위생과,건강기능식품 판매업 신고사항 변경신고,즉 시
498,"식품,위생",식품위생과,건강기능식품 판매업 영업신고,3일
499,"식품,위생",식품위생과,건강기능식품판매업 영업신고증 재발급신청,즉시
500,"식품,위생",식품위생과,건강기능식품영업 폐업신고,즉 시
501,"식품,위생",식품위생과,건강기능식품영업자 지위승계신고,3일
502,"식품,위생",식품위생과,식품영업 등록신청 관련서류 - 사전심사청구제 대상민원,3일
503,"식품,위생",식품위생과,식품영업 등록사항 변경 등록신청,3일
504,"식품,위생",식품위생과,"영업허가증,영업신고증,영업등록증,집단급식소 설치ㆍ운영신고증 재발급신청서",없음
505,"식품,위생",식품위생과,식품접객업 허가사항 변경 허가,3일
506,"식품,위생",식품위생과,조리사면허증 기재사항 변경사항,즉시
507,"식품,위생",식품위생과,집단급식소 설치ㆍ운영 신고,즉시
508,"식품,위생",식품위생과,조리사 면허증 발급ㆍ재발급 신청,즉시
509,"식품,위생",식품위생과,식품위생영업의 폐업신고,즉시
510,"식품,위생",식품위생과,식품접객업 영업허가 - 사전심사청구제 대상민원,3일
511,"식품,위생",식품위생과,식품 영업신고,즉시
512,"식품,위생",식품위생과,공중위생영업 폐업신고,즉 시
513,"식품,위생",식품위생과,공중위생영업신고,즉 시
514,"식품,위생",식품위생과,공중위생영업자 지위승계신고,즉시
515,"식품,위생",식품위생과,공중위생 영업신고사항 변경신고,즉 시
516,"식품,위생",식품위생과,공중위생영업신고증재교부,즉시
517,"토지,부동산",토지정보과,소속공인중개사 또는 중개보조원¸ 소속공인중개사(고용¸ 고용관계 종료¸ 인장등록) 신고서,
518,"토지,부동산",토지정보과,"부동산 중개업(개설, 고용(소속공인중개사 및 중개보조원) 개인정보 제공 동의서",
519,"토지,부동산",토지정보과,자울형사물주소판 설치 신청,7일
520,"토지,부동산",토지정보과,사물주소판 (재)교부 신청,14일
521,"토지,부동산",토지정보과,"사물주소 부여,변경,폐지 신청",14일
522,"토지,부동산",토지정보과,부동산거래계약 변경 신고,즉시
523,"토지,부동산",토지정보과,부동산거래계약 해제 신고,즉시
524,"토지,부동산",토지정보과,자율형건물번호판설치 신청,7일
525,"토지,부동산",토지정보과,개별공시지가 의견서 및 이의신청서,30일
526,"토지,부동산",토지정보과,분사무소 설치신고필증 재교부 신청,즉 시
527,"토지,부동산",토지정보과,토지(임야)분할 신청,3일
528,"토지,부동산",토지정보과,토지거래계약 허가 신청(외국인 토지거래허가),15일 이내
529,"토지,부동산",토지정보과,"상세주소 부여, 변경, 폐지 신청",14일
530,"토지,부동산",토지정보과,"건물번호 부여,변경,폐지 신청",14일
531,"토지,부동산",토지정보과,"도로명주소대장(등본발급, 열람) 신청",즉시
532,"토지,부동산",토지정보과,주소 일괄변경 신청,24일
533,"토지,부동산",토지정보과,건물번호판 재교부 신청,10일
534,"토지,부동산",토지정보과,도로명 변경 신청,140일
535,"토지,부동산",토지정보과,도로명 부여 신청,80일
536,"토지,부동산",토지정보과,도로명주소대장 기재내용 정정 신청,10일
537,"토지,부동산",토지정보과,"부동산중개업 폐업, 휴업, 재개업 신고",즉 시
538,"토지,부동산",토지정보과,토지이용계획확인서 신청,1일
539,"토지,부동산",토지정보과,해면성 말소 신청,3일
540,"토지,부동산",토지정보과,환지예정지증명,즉시
541,"토지,부동산",토지정보과,"지적측량기준점(지적삼각점, 지적삼각보조점, 지적도근점)성과 등의 열람·등본발급 신청",즉시
542,"토지,부동산",토지정보과,측량기준점표지의 이전 신청,30일
543,"토지,부동산",토지정보과,토지(임야)신규등록 신청,3일
544,"토지,부동산",토지정보과,토지(임야)합병 신청,5일
545,"토지,부동산",토지정보과,토지소유자 주소등록,15일
546,"토지,부동산",토지정보과,외국인 부동산 등 계속보유 신고,즉시
547,"토지,부동산",토지정보과,외국인 부동산 등 취득 신고,즉시
548,"토지,부동산",토지정보과,외국인의 토지취득 허가신청,15일
549,"토지,부동산",토지정보과,지목변경 신청,5일
550,"토지,부동산",토지정보과,"법인 아닌 사단,재단 등록증명서 발급 신청",즉시
551,"토지,부동산",토지정보과,법인 아닌 사단·재단 부동산등기용 등록번호 부여 신청,즉시
552,"토지,부동산",토지정보과,부동산 중개사무소 이전신고,7일
553,"토지,부동산",토지정보과,부동산거래계약 신고,즉시
554,"토지,부동산",토지정보과,부동산중개사무소 개설등록 신청,7일
555,"토지,부동산",토지정보과,부동산중개사무소 등록증 재교부 신청,즉 시
556,"토지,부동산",토지정보과,부동산중개사무소 분사무소 설치신고,7일
557,"토지,부동산",토지정보과,부동산중개업 휴업기간 변경 신고,즉 시
558,"토지,부동산",토지정보과,개인 신청자용 지적전산자료 이용신청(조상땅찾기),즉시
559,"토지,부동산",토지정보과,등록사항 정정 신청,3일
560,"토지,부동산",토지정보과,등록전환 신청,3일
561,"토지,부동산",토지정보과,"법인 아닌 사단,재단 등록번호화일 변경 신청",즉시
562,"토지,부동산",토지정보과,개별공시지가확인서 발급,즉 시
563,민원,도로과,전문건설업 행정처분 요청서,
564,"건설,건축",도로과,"전문건설업 폐업신고서, 주력분야 말소, 등록증 재발급 신청서(서식)",
565,"건설,건축",도로과,"전문건설업 기재사항 변경(주소지 이전, 대표 변경 등)",1일(대표변경의 경우 3일)
566,"건설,건축",도로과,"도로점용허가(차량진입로, 시설안내표지판 등)",5일
567,"건설,건축",도로과,"전문건설업 등록 신청서류 및 안내(신규, 주력추가, 법인합병, 양도양수)",20일
568,"건설,건축",도로과,도로굴착허가신청,5일
569,"건설,건축",도로과,공유재산 사용허가,20일
570,"건설,건축",도로과,골재 선별.파쇄(바다골재 선별.세척)신고,20일
571,"건설,건축",도로과,골재채취업 등록 신청,20일
572,도시개발,도시계획과,개발제한구역내 개발행위 준공검사,7
573,도시개발,도시계획과,개발제한구역내 행위허가,15
574,도시개발,도시계획과,개발제한구역 건축허가,2~70일
575,도시개발,도시계획과,개발제한구역내 건축물 사용승인,7일
576,"건설,건축",건축과,기계설비공사 사용 전 검사 신청,14일
577,"건설,건축",건축과,기계설비공사 착공 전 확인 신청,14일
578,민원,건축과,관리인 선임 신고,7일
579,"건설,건축",건축과,기계설비유지관리자 선임신고증명서 발급신청,즉시
580,"건설,건축",건축과,기계설비유지관리자 신고사항 변경신고서,3일
581,"건설,건축",건축과,기계설비유지관리자 선임ㆍ해임 신고,3일
582,"건설,건축",건축과,건축물 해체완료?멸실 신고,3일
583,"건설,건축",건축과,건축물 해체 허가(신고) 신청,7일
584,"건설,건축",건축과,건축관계자 변경신고,1일
585,"건설,건축",건축과,(임시)사용승인신청,7일
586,"건설,건축",건축과,가설건축물 축조신고,3일
587,"건설,건축",건축과,건축물 착공연기신청,1일
588,"건설,건축",건축과,건축허가신청 -사전심사청구제 대상민원,2~70일
589,"건설,건축",건축과,건축물착공신고,3일
590,"건설,건축",건축과,공작물축조신고신청,3일
591,"건설,건축",건축과,건축물 표시(변경.정정) 신청,7일
592,"건설,건축",건축과,건축신고신청,5일
593,"건설,건축",주택과,"정비구역(지정, 변경지정) 제안서",
594,"건설,건축",주택과,"(정비사업계획인가, 정비사업계획 변경인가, 정비사업 중지인가, 정비사업 폐지인가) 신청서",60일
595,"건설,건축",주택과,소규모주택정비사업 준공인가 신청서,15일
596,"건설,건축",주택과,소규모주택정비사업 사업시행계획(변경)인가 신청서,60일
597,"건설,건축",주택과,소규모주택정비사업 조합설립(변경)인가 신청서,30일
598,"건설,건축",주택과,소규모주택정비사업 주민합의체 해산 신고서,
599,"건설,건축",주택과,소규모주택정비사업 주민합의체 구성(변경) 신고서,
600,"건설,건축",주택과,재건축사업 정비계획 입안을 위한 재건축진단 요청서,30일
601,"건설,건축",주택과,준공인가 신청서,
602,"건설,건축",주택과,관리처분계획(변경)인가 신청서,30일
603,"건설,건축",주택과,사업시행계획(변경)인가 신청서,60일
604,"건설,건축",주택과,조합설립(변경)인가 신청서,30일
605,"건설,건축",주택과,조합설립추진위원회 승인 신청서,30일
606,"건설,건축",주택과,재개발 정비구역지정 사전검토 요청,
607,"건설,건축",주택과,주택조합 설립(변경.해산)인가,15일
608,"건설,건축",주택과,주택재건축 사업시행계획인가,60일
609,"건설,건축",주택과,주택재건축 조합설립(변경)인가,30일
610,"건설,건축",주택과,주택재건축 준공인가,15일
611,"건설,건축",주택과,주택건설(대지조성)사업계획(변경)승인 - 사전심사청구제 대상민원,60일
612,"건설,건축",주택과,주택건설사업 사용검사,15일
613,"건설,건축",주택과,주택재건축 관리처분인가,30일
614,"건설,건축",주택과,입주자모집승인(분양승인),5일 (10일)
615,"건설,건축",주택관리과,임대사업자 말소,5일
616,"건설,건축",주택관리과,행위신고,10일
617,"건설,건축",주택관리과,"행위허가(신고)[용도변경, 증.개축, 재축등] 신청",10일
618,"건설,건축",주택관리과,임대사업자 등록,5일
619,"건설,건축",주택관리과,임대사업자 등록사항 변경신고,5일
620,"건설,건축",주택관리과,임대차계약 신고(신고증명).변경신고(변경신고증명),10일
621,"건설,건축",도시재생경관과,경관심의 신청서,30일
622,민원,도시재생경관과,옥외광고사업 등록증 재발급 신청,4일
623,민원,도시재생경관과,"옥외광고사업(신규,휴업,폐업,재개업) 등록 신청",7일
624,민원,도시재생경관과,광고물관리자 변경 신고,0.5일
625,민원,도시재생경관과,옥외광고물 등 표시(허가?신고?변경?연장) 신청 및 안전점검 신청 -사전심사청구제 대상민원,"신고(5일), 허가(10일), 안전점검(7일)"
626,도시개발,도시재생경관과,개발행위 준공검사,7일
627,도시개발,도시재생경관과,개발행위 허가,15일
628,안전/민방위,안전총괄과,"직장민방위대(편성,이전,명의변경,해체) 신고",즉시
629,안전/민방위,안전총괄과,직장민방위대편성대상업체지정,10일
630,안전/민방위,안전총괄과,부상자치료신청,즉시
631,안전/민방위,안전총괄과,사망(부상)자보상금지급신청,20일
632,안전/민방위,안전총괄과,연합민방위대조직신청,10일
633,안전/민방위,안전총괄과,"민방위교육훈련(동원)유예,면제신청",즉시
634,"교통,자동차",교통정책과,교통유발부담금_경감 신청서,
635,"교통,자동차",교통정책과,교통유발부담금_교통량 감축활동 이행계획서,
636,"교통,자동차",교통정책과,교통유발부담금_분할납부신청서,
637,"교통,자동차",교통정책과,교통유발부담금_시설물 미사용 신고서,
638,"교통,자동차",교통정책과,교통유발부담금_일할계산 신청서,
639,"교통,자동차",교통정책과,화물자동차 운송사업 허가사항 신고서,20일
640,"교통,자동차",교통정책과,자가용화물자동차(신규ㆍ변경) 사용신고서,10
641,"교통,자동차",교통정책과,물류창고업 등록(변경) 신청,14일
642,"교통,자동차",교통정책과,자가용자동차 유상운송 허가신청,10일
643,"교통,자동차",교통정책과,개인택시운송사업 양도.양수인가 신청,15일
644,"교통,자동차",교통정책과,화물자동차운송사업 변경허가신청 - 사전심사청구제 대상민원,20일
645,"교통,자동차",교통정책과,화물자동차운송사업 허가신청,20일
646,"교통,자동차",교통정책과,화물자동차운송주선사업 허가신청,20일
647,"교통,자동차",교통정책과,차고지설치 확인신청,10일
648,"교통,자동차",교통정책과,허가증 재교부 신청,즉시
649,"교통,자동차",교통정책과,화물자동차 운송(주선)사업 양도.양수 신고,5일
650,"교통,자동차",교통정책과,사업용자동차 차령조정 신청,즉시
651,"교통,자동차",교통정책과,면허증(등록증) 재발급신청,즉시
652,"교통,자동차",주차관리과,기계식주차장치 관리인 등 선임·변경 통보서,-
653,민원,주차관리과,주정차 위반 의견진술서 및 이의신청서,
654,"교통,자동차",주차관리과,기계식주차장치 철거,7일
655,"교통,자동차",주차관리과,기계식주차장 정기검사 연기,5일
656,"교통,자동차",주차관리과,부설주차장 설치의무 면제,5일
657,"교통,자동차",주차관리과,노외주차장 설치 및 폐지,즉시
658,"교통,자동차",주차관리과,부설주차장 설치(부설주차장 인근 설치),7일
659,"교통,자동차",주차관리과,부설주차장 용도변경 신청,7일
660,"교통,자동차",주차관리과,기계식주차장치 안전도인증서 재발급,5일
661,"교통,자동차",주차관리과,노외주차장 변경,즉시
662,"교통,자동차",주차관리과,기계식주차장치 보수업 등록,7일
663,"교통,자동차",주차관리과,기계식주차장치 보수업 등록증 재발급,4일
664,"교통,자동차",주차관리과,기계식주차장치 보수업 휴업.폐업.재개업,2일
665,"교통,자동차",주차관리과,기계식주차장치 안전도 인증 및 변경인증,5일
666,"교통,자동차",차량민원과,이륜자동차정기검사 유효기간 연장(유예)신청서,5일
667,"교통,자동차",차량민원과,자동차 운행정지 신청,즉시
668,"교통,자동차",차량민원과,자동차 등록증 재발급 신청,즉시
669,"교통,자동차",차량민원과,건설기계조종사면허 정기(수시)적성검사 신청,즉시
670,"교통,자동차",차량민원과,저당권 설정등록 신청,즉시
671,"교통,자동차",차량민원과,저당권 말소등록 신청,즉시(항공기 7일)
672,"교통,자동차",차량민원과,법정대리인동의서,
673,"교통,자동차",차량민원과,차량상속 이전등록 안내 및 상속포기각서 서식,
674,"교통,자동차",차량민원과,위임장(예시),
675,"교통,자동차",차량민원과,자동차 이전등록용(당사자거래용) 양도증명서 서식,
676,"교통,자동차",차량민원과,자동차관리사업(휴업.폐업.재개업)신고,즉 시
677,"교통,자동차",차량민원과,사용신고확인서(이륜차),없음
678,"교통,자동차",차량민원과,건설기계 신규 등록 신청,"즉시(단,신규등록검사가 필요한 경우 10일)"
679,"교통,자동차",차량민원과,건설기계 저당등록(말소) 신청,즉시
680,"교통,자동차",차량민원과,건설기계 조종사 면허증 신규 및 재발급신청,1일
681,"교통,자동차",차량민원과,건설기계 등록.검사증 재교부,즉시
682,"교통,자동차",차량민원과,건설기계 등록말소 신청,즉시
683,"교통,자동차",차량민원과,건설기계 등록사항(이전)변경신고,즉시
684,"교통,자동차",차량민원과,건설기계 등록원부 발급.열람 신청,즉시
685,"교통,자동차",차량민원과,자동차관리사업 변경등록 신청,5일
686,"교통,자동차",차량민원과,자동차관리사업(양도.양수.합병)신고,10일
687,"교통,자동차",차량민원과,자동차변경등록 신청,즉시
688,"교통,자동차",차량민원과,자동차 검사 유효기간 연장 신청,즉시
689,"교통,자동차",차량민원과,자동차 등록원부 등본발급.열람신청,즉시
690,"교통,자동차",차량민원과,자동차 말소등록 신청,즉시
691,"교통,자동차",차량민원과,자동차 신규등록 신청,즉시
692,"교통,자동차",차량민원과,자동차 이전등록 신청,즉시
693,"교통,자동차",차량민원과,자동차 임시운행 허가 신청,즉시
694,"교통,자동차",차량민원과,자동차관리사업 등록신청 - 사전심사청구제 대상민원,15일
695,"교통,자동차",차량민원과,시.도간 변경등록 신청,즉시
696,"보건,건강",보건행정과,의약품 판촉영업자 폐업ㆍ휴업ㆍ업무재개 신고서,3일
697,"보건,건강",보건행정과,의약품 판촉영업자(변경)신고서,3일
698,"보건,건강",보건행정과,의료기기 판촉영업자 폐업·휴업·업무재개 신고서,3일
699,"보건,건강",보건행정과,의료기기 판촉영업자 (변경)신고서,3일
700,"보건,건강",보건행정과,특수의료장비 양도/폐기/사용중지 통보서,
701,"보건,건강",보건행정과,특수의료장비 인력등록사항 변경통보서,7일
702,"보건,건강",보건행정과,특수의료장비 등록신청서,7일
703,"보건,건강",보건행정과,"방사선 관계 종사자 및 안전관리책임자 (변동,선임,해임,겸임)신고서",3일
704,"보건,건강",보건행정과,"진단용 방사선 발생장치의 변경(사용중지, 양도, 이전, 폐기)신고서",3일
705,"보건,건강",보건행정과,"진단용 방사선 발생장치의(설치 및 사용, 재사용) 신고서",3일
706,"보건,건강",보건행정과,도매업무관리자 신고,7일
707,"보건,건강",보건행정과,도매업무관리자 폐지신고,5일
708,"보건,건강",보건행정과,의료기기 수리업 신고사항 변경신고,10일
709,"보건,건강",보건행정과,의료기기 수리업 신고,10일
710,"보건,건강",보건행정과,"의료기관(종합병원,병원,치과병원,한방병원,요양병원)개설허가 및 허가사항 변경신고",10일
711,"보건,건강",보건행정과,"구급차등 운용 부착용 통보확인증, 신고확인증, 부착용 신고확인증 재발급 신청서",3일
712,"보건,건강",보건행정과,구급차등 운용 말소 통보(신고)서,3일
713,"보건,건강",보건행정과,구급차등 운용 변경 통보(신고)서,3일
714,"보건,건강",보건행정과,구급차등 운용 통보(신고)서,7일
715,"보건,건강",보건행정과,"구급차의 차령연장, 차령연장 신청의 연기 신청서",즉시
716,"보건,건강",보건행정과,"의료기기영업의 폐업,휴업 등 신고","수리업 7일 / 판매, 임대업 3일"
717,"보건,건강",보건행정과,안전상비의약품 판매자의 지위 승계 신고,7일
718,"보건,건강",보건행정과,"응급장비 양도,폐기,이전 신고",3일
719,"보건,건강",보건행정과,응급장비 설치 신고,7일
720,"보건,건강",보건행정과,안경업소 양도양수 신고서,즉시
721,"보건,건강",보건행정과,치과기공소 양도양수 신고서,즉시
722,"보건,건강",보건행정과,약국개설자의 지위 승계 신고,7일
723,"보건,건강",보건행정과,"의료기관(의원,치과의원,한의원,조산원) 개설신고 및 신고사항 변경신고",10일
724,"보건,건강",보건행정과,의약품 판매업자 지위 승계 신고,7일
725,"보건,건강",보건행정과,도매업무관리자 변경신고,7일
726,"보건,건강",보건행정과,마약류취급자 허가(지정) 신청,"허가: 25일, 지정: 2일"
727,"보건,건강",보건행정과,사고 마약류 등의 폐기 신청,7일
728,"보건,건강",보건행정과,사고 마약류 발생 보고,
729,"보건,건강",보건행정과,마약류취급자 허가(지정)사항 변경허가(지정) 신청,"1일/(단, 마약류도매업자 변경허가는 5일)"
730,"보건,건강",보건행정과,의약품 판매업 변경허가 신청,7일
731,"보건,건강",보건행정과,"약국, 안전상비의약품 판매업, 의약품 판매업 (폐업, 휴업, 업무재개) 신고","7일(단, 약국 관련 신고는 3일)"
732,"보건,건강",보건행정과,안전상비의약품 판매자 등록(변경등록) 신청,3일
733,"보건,건강",보건행정과,치과기공소 개설등록신청,3 일
734,"보건,건강",보건행정과,의료기기 판매(임대)업 신고,3일
735,"보건,건강",보건행정과,의료기기판매업 신고사항 변경 신고,3일
736,"보건,건강",보건행정과,의약품 도매상 허가,7일
737,"보건,건강",보건행정과,의료기관 휴업(폐업) 신고,3일
738,"보건,건강",보건행정과,안경업소 개설등록 신청,3일
739,"보건,건강",보건행정과,"치과기공소, 안경업소 폐업 또는 등록사항 변경 신고","폐업, 그 밖의 등록사항 변경:즉시 / 개설장소 변경:2일"
740,"보건,건강",보건행정과,약국 개설 등록,7일
741,"보건,건강",보건행정과,약국등록사항 변경신청,7일
742,"보건,건강",보건행정과,"부속 의료기관 개설(변경)신고, 허가(변경)신청",10일
743,"보건,건강",보건행정과,감염성 건강진단서 교부 신청(일시중단중),5일
744,"보건,건강",보건행정과,건강진단결과서 발급,5 일
745,"보건,건강",질병관리과,소독업 신고,7 일
746,"보건,건강",질병관리과,소독업 신고사항 변경신고,7 일
747,"보건,건강",질병관리과,"소독업 휴업,재개업,폐업신고",즉 시
748,"보건,건강",치매정신과,발병초기 정신질환자 치료비 지원,당해
749,"보건,건강",건강돌봄과,희귀질환자 의료비지원,신청일부터 60일 이내
750,"보건,건강",건강돌봄과,소아암환자 의료비지원,60일이내(예산 소진시까지)
751,"보건,건강",건강돌봄과,성인 암환자 의료비지원,60일이내(예산 소진시까지)
752,"청소,환경",공원녹지과,"가로수 (제거,옮겨심기) 승인 신청서",14일
753,"산업,경제",공원녹지과,"목재생산업 등록사항 변경, 양도ㆍ합병 신고",15일
754,"산업,경제",공원녹지과,목재생산업 등록신청,20일
755,"청소,환경",공원녹지과,도시공원.녹지 점용허가 신청,15일
756,"청소,환경",공원녹지과,입산허가 신청,3일
757,"청소,환경",공원녹지과,입목벌채(변경)허가 신청,30일
